start_date,end_date
2026-01-06,2026-08-01
2026-05-12,2026-12-26
2026-09-17,2026-12-08
2026-09-15,2026-12-01
2026-05-11,2026-08-03
2026-01-15,2026-08-24
2026-05-24,2026-08-07
2026-05-27,2026-08-16
2026-09-09,2026-12-13
2026-01-14,2026-04-02
2026-09-14,2026-12-07
2026-09-11,2026-12-19
2026-09-05,2026-12-10
2026-09-03,2026-12-20
2026-01-01,2026-12-09
2026-05-28,2026-12-10
2026-01-04,2026-08-10
2026-09-09,2026-12-03
2026-09-19,2026-12-28
2026-09-12,2026-12-08
2026-05-18,2026-08-15
2026-09-16,2026-12-07
2026-05-17,2026-08-11
2026-01-11,2026-12-26
2026-01-06,2026-12-17
2026-01-26,2026-08-26
2026-01-18,2026-08-14
2026-09-06,2026-12-13
2026-05-11,2026-12-16
2026-05-02,2026-12-12
2026-01-03,2026-04-21
2026-01-05,2026-04-04
2026-09-06,2026-12-07
2026-01-27,2026-12-26
2026-09-03,2026-12-11
2026-05-03,2026-12-06
2026-09-27,2026-12-23
2026-09-14,2026-12-06
2026-01-11,2026-08-21
2026-09-22,2026-12-23
2026-09-26,2026-12-08
2026-01-11,2026-04-14
2026-05-04,2026-12-15
2026-09-16,2026-12-20
2026-09-02,2026-12-27
2026-09-14,2026-12-01
2026-05-24,2026-08-09
2026-05-10,2026-08-23
2026-01-02,2026-08-22
2026-05-01,2026-08-14
2026-05-28,2026-08-22
2026-01-19,2026-12-26
2026-01-23,2026-04-28
2026-01-12,2026-04-20
2026-09-22,2026-12-25
2026-05-21,2026-12-15
2026-05-25,2026-12-27
2026-09-12,2026-12-15
2026-05-08,2026-12-27
2026-01-02,2026-04-26
2026-01-14,2026-12-08
2026-01-07,2026-12-14
2026-05-15,2026-12-06
2026-05-22,2026-12-27
2026-05-25,2026-08-25
2026-01-22,2026-04-07
2026-01-04,2026-12-20
2026-01-08,2026-12-11
2026-05-20,2026-12-14
2026-09-26,2026-12-01
2026-05-08,2026-12-04
2026-09-18,2026-12-13
2026-01-23,2026-12-08
2026-01-09,2026-12-03
2026-09-27,2026-12-15
2026-09-13,2026-12-08
2026-01-06,2026-04-21
2026-01-01,2026-12-09
2026-09-18,2026-12-22
2026-01-03,2026-04-15
2026-01-04,2026-08-08
2026-05-17,2026-12-24
2026-09-21,2026-12-13
2026-05-02,2026-08-16
2026-09-07,2026-12-12
2026-05-15,2026-12-11
2026-09-05,2026-12-07
2026-09-27,2026-12-21
2026-05-01,2026-08-09
2026-01-26,2026-04-05
2026-01-01,2026-04-04
2026-09-17,2026-12-02
2026-01-25,2026-08-20
2026-09-11,2026-12-14
2026-01-11,2026-04-07
2026-05-01,2026-08-25
2026-01-09,2026-12-18
2026-01-12,2026-08-08
2026-01-09,2026-12-07
2026-01-07,2026-08-09
2026-05-21,2026-12-12
2026-05-10,2026-12-21
2026-09-07,2026-12-19
2026-01-06,2026-04-22
2026-05-03,2026-12-09
2026-01-18,2026-12-09
2026-09-23,2026-12-18
2026-01-19,2026-12-20
2026-01-21,2026-12-14
2026-01-03,2026-04-14
2026-01-26,2026-04-18
2026-09-23,2026-12-17
2026-05-03,2026-08-01
2026-01-26,2026-12-26
2026-09-13,2026-12-07
2026-09-25,2026-12-25
2026-01-10,2026-08-08
2026-01-19,2026-04-16
2026-05-15,2026-08-06
2026-05-19,2026-08-23
2026-01-01,2026-04-27
2026-05-09,2026-12-26
2026-01-20,2026-12-21
2026-01-05,2026-08-17
2026-09-09,2026-12-21
2026-09-05,2026-12-20
2026-01-10,2026-12-04
2026-01-02,2026-04-09
2026-05-06,2026-12-12
2026-05-04,2026-12-23
2026-01-19,2026-04-16
2026-01-09,2026-08-20
2026-09-26,2026-12-14
2026-09-19,2026-12-25
2026-09-19,2026-12-05
2026-05-12,2026-12-16
2026-05-01,2026-12-26
2026-05-12,2026-12-08
2026-05-05,2026-08-19
2026-05-18,2026-12-22
2026-05-28,2026-12-20
2026-05-12,2026-12-10
2026-09-23,2026-12-21
2026-09-28,2026-12-25
2026-05-27,2026-12-21
2026-05-11,2026-08-15
2026-01-21,2026-12-26
2026-01-04,2026-12-05
2026-09-05,2026-12-05
2026-09-05,2026-12-23
2026-01-26,2026-04-19
2026-05-01,2026-08-05
2026-05-09,2026-12-01
2026-05-01,2026-08-14
2026-01-19,2026-08-03
2026-09-25,2026-12-16
2026-05-26,2026-12-28
2026-05-13,2026-08-07
2026-01-16,2026-08-26
2026-09-27,2026-12-09
2026-09-12,2026-12-28
2026-01-09,2026-12-05
2026-01-15,2026-08-28
2026-01-26,2026-12-07
2026-09-07,2026-12-08
2026-09-11,2026-12-16
2026-09-04,2026-12-08
2026-01-11,2026-12-05
2026-09-28,2026-12-24
2026-01-16,2026-08-02
2026-05-04,2026-08-10
2026-05-08,2026-12-24
2026-05-14,2026-08-17
2026-01-22,2026-12-26
2026-01-22,2026-08-16
2026-09-20,2026-12-23
2026-05-25,2026-12-11
2026-01-16,2026-04-04
2026-09-08,2026-12-17
2026-05-05,2026-12-07
2026-09-14,2026-12-15
2026-05-21,2026-12-23
2026-09-07,2026-12-09
2026-09-19,2026-12-07
2026-01-09,2026-04-12
2026-01-15,2026-04-10
2026-01-26,2026-12-11
2026-05-24,2026-12-11
2026-01-07,2026-04-25
2026-09-26,2026-12-10
2026-05-13,2026-12-28
2026-09-25,2026-12-24
2026-01-03,2026-08-17
2026-05-20,2026-08-21
2026-09-09,2026-12-25
2026-01-22,2026-12-06
2026-01-08,2026-08-11
2026-05-02,2026-12-16
2026-01-12,2026-04-22
2026-09-11,2026-12-28
2026-05-04,2026-08-13
2026-09-11,2026-12-08
2026-05-12,2026-08-14
2026-05-11,2026-08-11
2026-09-26,2026-12-07
2026-01-28,2026-12-26
2026-01-20,2026-04-22
2026-01-10,2026-12-14
2026-05-07,2026-08-05
2026-01-17,2026-12-20
2026-01-03,2026-08-06
2026-09-06,2026-12-23
2026-05-14,2026-12-24
2026-01-22,2026-12-10
2026-09-16,2026-12-10
2026-09-18,2026-12-28
2026-05-04,2026-12-01
2026-01-26,2026-08-03
2026-09-11,2026-12-07
2026-09-01,2026-12-23
2026-05-18,2026-08-23
2026-05-17,2026-12-19
2026-01-22,2026-12-06
2026-05-04,2026-08-06
2026-01-18,2026-12-04
2026-01-14,2026-12-17
2026-05-20,2026-08-21
2026-09-05,2026-12-16
2026-09-04,2026-12-26
2026-01-25,2026-04-08
2026-01-16,2026-04-03
2026-05-25,2026-12-13
2026-01-17,2026-12-02
2026-09-28,2026-12-15
2026-09-17,2026-12-25
2026-01-19,2026-08-01
2026-05-15,2026-12-06
2026-09-25,2026-12-07
2026-09-01,2026-12-21
2026-05-25,2026-08-13
2026-05-06,2026-08-14
2026-05-06,2026-08-25
2026-05-09,2026-12-13
2026-05-15,2026-12-28
2026-01-15,2026-12-17
2026-09-05,2026-12-14
2026-01-25,2026-12-05
2026-05-08,2026-12-07
2026-05-12,2026-12-01
2026-09-09,2026-12-25
2026-09-08,2026-12-21
2026-01-23,2026-12-10
2026-01-04,2026-04-04
2026-05-18,2026-12-16
2026-05-06,2026-08-18
2026-01-06,2026-04-26
2026-01-01,2026-04-17
2026-05-09,2026-12-14
2026-01-12,2026-04-23
2026-01-25,2026-12-24
2026-09-14,2026-12-15
2026-09-03,2026-12-10
2026-09-28,2026-12-28
2026-01-16,2026-08-13
2026-01-25,2026-12-09
2026-05-16,2026-08-22
2026-01-04,2026-12-28
2026-05-04,2026-12-18
2026-09-28,2026-12-05
2026-05-17,2026-08-22
2026-01-08,2026-08-18
2026-05-08,2026-12-17
2026-05-18,2026-08-09
2026-05-22,2026-12-13
2026-05-22,2026-12-14
2026-05-11,2026-08-02
2026-05-03,2026-12-18
2026-01-24,2026-12-22
2026-05-22,2026-08-27
2026-09-12,2026-12-16
2026-01-24,2026-12-26
2026-09-03,2026-12-28
2026-01-05,2026-12-01
2026-01-09,2026-08-11
2026-09-27,2026-12-12
2026-05-17,2026-08-15
2026-01-11,2026-12-21
2026-09-18,2026-12-02
2026-09-11,2026-12-24
2026-01-28,2026-12-23
2026-05-18,2026-12-23
2026-09-17,2026-12-05
2026-01-19,2026-04-09
2026-05-21,2026-08-26
2026-01-10,2026-12-05
2026-09-25,2026-12-09
2026-01-02,2026-08-05
2026-09-16,2026-12-27
2026-09-06,2026-12-12
2026-01-14,2026-12-10
2026-01-15,2026-12-17
2026-05-17,2026-08-12
2026-01-11,2026-12-04
2026-09-02,2026-12-08
2026-05-19,2026-12-27
2026-09-16,2026-12-11
2026-09-20,2026-12-27
2026-05-27,2026-08-11
2026-09-18,2026-12-21
2026-01-06,2026-04-07
2026-01-28,2026-04-09
2026-01-11,2026-08-18
2026-09-05,2026-12-12
2026-09-12,2026-12-27
2026-09-08,2026-12-01
2026-01-02,2026-04-19
2026-05-09,2026-08-19
2026-09-11,2026-12-25
2026-01-23,2026-12-05
2026-01-13,2026-08-08
2026-09-14,2026-12-03
2026-09-26,2026-12-10
2026-09-26,2026-12-07
2026-01-27,2026-12-21
2026-01-09,2026-12-18
2026-09-12,2026-12-19
2026-05-10,2026-08-03
2026-09-04,2026-12-11
2026-05-04,2026-12-17
2026-05-26,2026-08-08
2026-09-16,2026-12-01
2026-09-15,2026-12-08
2026-01-04,2026-12-25
2026-01-13,2026-04-06
2026-01-17,2026-08-24
2026-01-26,2026-08-02
2026-01-07,2026-12-14
2026-09-06,2026-12-28
2026-01-22,2026-04-27
2026-01-01,2026-12-05
2026-05-16,2026-08-18
2026-09-11,2026-12-21
2026-09-22,2026-12-26
2026-01-22,2026-04-09
2026-05-22,2026-08-12
2026-09-09,2026-12-12
2026-01-28,2026-12-17
2026-09-12,2026-12-21
2026-01-15,2026-12-25
2026-09-11,2026-12-17
2026-01-24,2026-08-03
2026-05-17,2026-12-11
2026-01-28,2026-04-27
2026-01-15,2026-08-04
2026-01-26,2026-04-02
2026-05-20,2026-12-07
2026-09-06,2026-12-15
2026-01-17,2026-04-04
2026-05-20,2026-08-03
2026-01-24,2026-04-28
2026-05-03,2026-08-25
2026-09-24,2026-12-20
2026-09-07,2026-12-13
2026-01-04,2026-04-13
2026-01-09,2026-12-05
2026-01-09,2026-04-18
2026-09-01,2026-12-13
2026-01-05,2026-08-23
2026-09-09,2026-12-14
2026-09-28,2026-12-14
2026-09-16,2026-12-11
2026-01-11,2026-08-01
2026-01-21,2026-08-21
2026-05-23,2026-08-16
2026-01-24,2026-08-11
2026-05-20,2026-08-16
2026-09-11,2026-12-06
2026-01-14,2026-12-03
2026-01-21,2026-04-04
2026-01-27,2026-04-10
2026-05-06,2026-08-11
2026-09-28,2026-12-07
2026-05-02,2026-12-21
2026-09-16,2026-12-04
2026-09-08,2026-12-05
2026-05-08,2026-12-06
2026-05-20,2026-08-03
2026-09-16,2026-12-24
2026-01-20,2026-04-15
2026-09-21,2026-12-20
2026-09-12,2026-12-12
2026-01-21,2026-08-24
2026-01-05,2026-04-17
2026-09-21,2026-12-10
2026-09-11,2026-12-18
2026-09-03,2026-12-24
2026-01-13,2026-08-10
2026-09-17,2026-12-25
2026-09-01,2026-12-25
2026-05-25,2026-12-24
2026-01-24,2026-04-11
2026-09-18,2026-12-20
2026-01-15,2026-04-22
2026-05-02,2026-12-22
2026-09-07,2026-12-26
2026-09-28,2026-12-13
2026-05-06,2026-12-03
2026-05-24,2026-12-25
2026-05-03,2026-12-11
2026-09-26,2026-12-14
2026-05-14,2026-08-02
2026-09-18,2026-12-17
2026-05-13,2026-08-26
2026-05-19,2026-08-25
2026-05-21,2026-08-26
2026-01-13,2026-04-01
2026-05-28,2026-08-09
2026-01-09,2026-08-19
2026-01-16,2026-08-11
2026-05-22,2026-12-12
2026-01-18,2026-04-21
2026-01-17,2026-04-28
2026-05-18,2026-12-05
2026-05-16,2026-08-18
2026-01-19,2026-12-02
2026-05-05,2026-12-08
2026-05-14,2026-12-01
2026-09-21,2026-12-07
2026-01-15,2026-04-15
2026-01-13,2026-08-11
2026-05-04,2026-08-16
2026-05-07,2026-12-09
2026-05-03,2026-12-22
2026-05-17,2026-12-27
2026-09-13,2026-12-27
2026-01-01,2026-04-03
2026-09-15,2026-12-09
2026-09-19,2026-12-02
2026-01-22,2026-04-09
2026-05-01,2026-08-02
2026-01-21,2026-08-09
2026-09-05,2026-12-13
2026-01-13,2026-04-13
2026-09-28,2026-12-05
2026-05-02,2026-08-13
2026-01-18,2026-08-21
2026-01-21,2026-12-07
2026-05-07,2026-12-13
2026-09-19,2026-12-09
2026-09-24,2026-12-26
2026-05-18,2026-12-17
2026-01-21,2026-08-23
2026-01-01,2026-12-18
2026-05-17,2026-12-07
2026-09-05,2026-12-18
2026-09-14,2026-12-10
2026-05-05,2026-08-15
2026-05-17,2026-12-17
2026-09-17,2026-12-18
2026-09-07,2026-12-24
2026-05-10,2026-08-10
2026-09-20,2026-12-18
2026-05-19,2026-08-12
2026-05-28,2026-12-27
2026-05-04,2026-12-20
2026-05-11,2026-08-21
2026-05-09,2026-12-22
2026-09-25,2026-12-13
2026-05-28,2026-12-10
2026-05-20,2026-08-16
2026-01-13,2026-04-11
2026-09-05,2026-12-15
2026-01-25,2026-04-11
2026-09-05,2026-12-27
2026-05-06,2026-08-20
2026-05-13,2026-12-02
2026-05-17,2026-08-07
2026-05-19,2026-12-07
2026-01-06,2026-08-18
2026-01-23,2026-12-26
2026-01-26,2026-08-27
2026-01-25,2026-12-18
2026-05-18,2026-08-20
2026-01-20,2026-08-03
2026-09-16,2026-12-01
2026-01-20,2026-04-19
2026-01-28,2026-04-20
2026-05-19,2026-12-02
2026-01-12,2026-08-13
2026-01-14,2026-12-25
2026-09-15,2026-12-14
2026-05-15,2026-12-07
2026-09-09,2026-12-08
2026-05-23,2026-08-08
2026-05-14,2026-12-06
2026-09-24,2026-12-25
2026-09-13,2026-12-19
2026-01-17,2026-12-19
2026-01-05,2026-08-13
2026-05-15,2026-12-17
2026-01-09,2026-04-01
2026-09-27,2026-12-22
2026-05-05,2026-08-14
2026-01-07,2026-12-22
2026-05-14,2026-12-14
2026-09-27,2026-12-09
2026-05-20,2026-12-25
2026-05-11,2026-08-27
2026-09-08,2026-12-19
2026-05-15,2026-12-13
2026-05-23,2026-08-19
2026-01-17,2026-08-12
2026-09-07,2026-12-08
2026-01-07,2026-12-23
2026-09-26,2026-12-01
2026-09-11,2026-12-21
2026-01-11,2026-12-10
2026-09-22,2026-12-28
2026-01-02,2026-12-09
2026-09-25,2026-12-04
2026-01-10,2026-12-22
2026-05-17,2026-12-28
2026-05-21,2026-12-20
2026-09-11,2026-12-22
2026-01-17,2026-04-09
2026-09-12,2026-12-22
2026-09-21,2026-12-02
2026-09-08,2026-12-12
2026-01-21,2026-12-03
2026-09-27,2026-12-22
2026-05-06,2026-12-12
2026-09-25,2026-12-16
2026-09-11,2026-12-15
2026-05-19,2026-08-17
2026-05-02,2026-12-23
2026-05-08,2026-08-06
2026-01-02,2026-12-18
2026-09-18,2026-12-20
2026-05-28,2026-12-01
2026-05-25,2026-12-06
2026-05-26,2026-08-01
2026-09-03,2026-12-17
2026-05-27,2026-08-24
2026-01-28,2026-08-18
2026-09-25,2026-12-22
2026-05-27,2026-12-05
2026-01-27,2026-12-28
2026-01-23,2026-08-01
2026-09-13,2026-12-28
2026-09-06,2026-12-18
2026-09-18,2026-12-16
2026-05-20,2026-08-09
2026-01-01,2026-04-17
2026-05-03,2026-08-11
2026-01-06,2026-12-11
2026-09-28,2026-12-20
2026-05-08,2026-08-06
2026-09-23,2026-12-01
2026-01-17,2026-08-05
2026-05-09,2026-08-07
2026-05-17,2026-08-13
2026-05-15,2026-12-08
2026-01-26,2026-12-13
2026-01-18,2026-08-22
2026-09-25,2026-12-24
2026-01-03,2026-08-28
2026-05-05,2026-08-03
2026-01-21,2026-04-10
2026-05-12,2026-08-15
2026-05-25,2026-08-18
2026-05-03,2026-08-23
2026-01-26,2026-04-27
2026-05-19,2026-12-25
2026-05-22,2026-12-17
2026-05-07,2026-08-22
2026-01-08,2026-08-19
2026-05-22,2026-08-19
2026-01-20,2026-04-26
2026-05-06,2026-12-14
2026-09-10,2026-12-25
2026-05-05,2026-08-17
2026-05-17,2026-08-16
2026-01-25,2026-08-24
2026-05-15,2026-08-22
2026-05-06,2026-12-18
2026-05-20,2026-08-05
2026-05-07,2026-12-04
2026-09-04,2026-12-18
2026-01-02,2026-08-20
2026-01-09,2026-04-19
2026-05-13,2026-12-10
2026-09-01,2026-12-07
2026-01-25,2026-12-27
2026-01-28,2026-04-23
2026-05-14,2026-08-10
2026-01-26,2026-04-03
2026-05-22,2026-12-02
2026-09-25,2026-12-14
2026-05-13,2026-12-18
2026-09-11,2026-12-06
2026-01-18,2026-12-15
2026-01-02,2026-12-24
2026-01-28,2026-04-25
2026-09-26,2026-12-15
2026-05-21,2026-12-23
2026-09-23,2026-12-09
2026-05-09,2026-08-15
2026-01-07,2026-08-05
2026-09-26,2026-12-13
2026-09-04,2026-12-21
2026-05-06,2026-08-17
2026-09-10,2026-12-09
2026-09-21,2026-12-18
2026-09-16,2026-12-26
2026-05-27,2026-12-18
2026-09-23,2026-12-19
2026-09-11,2026-12-22
2026-01-24,2026-08-28
2026-05-15,2026-08-19
2026-05-16,2026-08-22
2026-05-16,2026-08-23
2026-09-13,2026-12-12
2026-05-07,2026-12-04
2026-01-19,2026-12-09
2026-01-13,2026-08-08
2026-05-16,2026-08-10
2026-05-28,2026-12-15
2026-01-03,2026-04-21
2026-01-18,2026-04-05
2026-09-20,2026-12-25
2026-01-28,2026-08-03
2026-09-25,2026-12-19
2026-09-26,2026-12-04
2026-09-12,2026-12-10
2026-01-26,2026-12-09
2026-01-12,2026-04-19
2026-05-22,2026-08-09
2026-09-07,2026-12-18
2026-09-24,2026-12-13
2026-05-16,2026-08-04
2026-05-24,2026-08-08
2026-05-10,2026-08-26
2026-05-03,2026-12-12
2026-01-06,2026-08-11
2026-05-14,2026-08-27
2026-09-02,2026-12-12
2026-09-12,2026-12-15
2026-05-15,2026-08-16
2026-01-18,2026-04-26
2026-01-09,2026-12-15
2026-01-09,2026-04-05
2026-05-11,2026-12-26
2026-05-23,2026-12-15
2026-05-17,2026-08-04
2026-05-25,2026-12-23
2026-09-13,2026-12-19
2026-01-12,2026-04-07
2026-05-21,2026-12-02
2026-01-28,2026-04-21
2026-01-22,2026-12-07
2026-09-13,2026-12-12
2026-09-19,2026-12-24
2026-01-27,2026-04-26
2026-05-28,2026-12-11
2026-09-13,2026-12-20
2026-09-19,2026-12-13
2026-01-16,2026-08-24
2026-09-15,2026-12-14
2026-01-28,2026-12-11
2026-01-10,2026-12-28
2026-09-03,2026-12-07
2026-09-25,2026-12-24
2026-01-28,2026-12-05
2026-09-27,2026-12-24
2026-01-23,2026-04-12
2026-05-04,2026-12-08
2026-05-12,2026-08-27
2026-01-18,2026-08-18
2026-01-26,2026-08-26
2026-09-13,2026-12-24
2026-09-27,2026-12-27
2026-09-14,2026-12-15
2026-05-03,2026-12-10
2026-09-25,2026-12-03
2026-09-18,2026-12-13
2026-01-24,2026-04-06
2026-09-14,2026-12-18
2026-01-25,2026-12-14
2026-09-10,2026-12-04
2026-01-25,2026-12-27
2026-01-09,2026-04-26
2026-09-22,2026-12-09
2026-01-25,2026-08-03
2026-05-20,2026-08-04
2026-09-08,2026-12-04
2026-05-19,2026-12-20
2026-01-06,2026-04-04
2026-01-20,2026-08-12
2026-09-06,2026-12-23
2026-01-07,2026-12-01
2026-01-21,2026-12-25
2026-05-07,2026-12-21
2026-01-09,2026-12-10
2026-09-20,2026-12-28
2026-09-11,2026-12-20
2026-01-06,2026-08-21
2026-09-06,2026-12-03
2026-01-01,2026-04-05
2026-09-12,2026-12-15
2026-09-10,2026-12-26
2026-05-11,2026-08-13
2026-05-06,2026-12-17
2026-05-01,2026-08-04
2026-05-23,2026-12-09
2026-09-16,2026-12-20
2026-01-17,2026-08-12
2026-01-17,2026-08-26
2026-01-05,2026-04-06
2026-01-26,2026-12-08
2026-01-26,2026-12-16
2026-05-06,2026-12-08
2026-05-02,2026-12-27
2026-05-06,2026-08-22
2026-09-04,2026-12-25
2026-09-07,2026-12-15
2026-05-07,2026-12-17
2026-05-26,2026-08-27
2026-09-07,2026-12-14
2026-05-02,2026-08-09
2026-09-01,2026-12-01
2026-09-14,2026-12-22
2026-09-11,2026-12-03
2026-09-24,2026-12-13
2026-01-01,2026-04-13
2026-01-25,2026-08-12
2026-01-15,2026-12-05
2026-01-01,2026-08-06
2026-09-01,2026-12-02
2026-05-20,2026-12-23
2026-01-03,2026-12-09
2026-09-26,2026-12-08
2026-01-19,2026-12-25
2026-05-17,2026-12-13
2026-05-19,2026-08-22
2026-01-05,2026-04-14
2026-05-20,2026-12-22
2026-05-02,2026-12-05
2026-09-16,2026-12-10
2026-09-18,2026-12-16
2026-09-16,2026-12-27
2026-05-27,2026-08-01
2026-01-06,2026-08-28
2026-05-16,2026-08-08
2026-05-26,2026-12-13
2026-01-03,2026-04-02
2026-01-01,2026-12-16
2026-01-19,2026-12-21
2026-09-19,2026-12-05
2026-01-08,2026-04-28
2026-09-07,2026-12-18
2026-05-09,2026-08-15
2026-01-26,2026-08-24
2026-05-09,2026-12-12
2026-05-05,2026-12-05
2026-05-08,2026-08-19
2026-09-22,2026-12-13
2026-09-26,2026-12-16
2026-09-11,2026-12-01
2026-01-23,2026-12-08
2026-05-15,2026-08-12
2026-05-25,2026-08-25
2026-09-07,2026-12-04
2026-05-01,2026-12-01
2026-05-26,2026-12-12
2026-01-25,2026-08-07
2026-05-03,2026-12-24
2026-09-26,2026-12-07
2026-01-07,2026-12-04
2026-09-24,2026-12-14
2026-09-09,2026-12-24
2026-05-28,2026-08-21
2026-09-23,2026-12-09
2026-01-01,2026-12-04
2026-01-21,2026-04-17
2026-01-17,2026-08-15
2026-01-23,2026-12-07
2026-01-07,2026-04-06
2026-05-19,2026-08-21
2026-05-10,2026-08-23
2026-05-13,2026-08-07
2026-09-17,2026-12-20
2026-01-03,2026-12-28
2026-01-08,2026-08-22
2026-05-11,2026-12-05
2026-05-02,2026-08-01
2026-05-27,2026-08-23
2026-05-27,2026-08-09
2026-05-12,2026-12-25
2026-05-10,2026-12-18
2026-05-05,2026-12-17
2026-09-17,2026-12-14
2026-05-26,2026-12-15
2026-09-21,2026-12-15
2026-05-21,2026-12-15
2026-05-08,2026-12-03
2026-01-09,2026-08-20
2026-09-25,2026-12-20
2026-09-20,2026-12-13
2026-09-12,2026-12-26
2026-09-27,2026-12-02
2026-09-23,2026-12-26
2026-05-10,2026-08-15
2026-05-28,2026-08-25
2026-05-06,2026-08-24
2026-09-22,2026-12-06
2026-01-08,2026-08-26
2026-09-24,2026-12-26
2026-05-20,2026-12-01
2026-05-25,2026-08-05
2026-01-17,2026-04-23
2026-01-06,2026-12-24
2026-01-17,2026-04-22
2026-01-16,2026-12-23
2026-05-02,2026-08-11
2026-05-11,2026-12-06
2026-01-09,2026-12-12
2026-05-28,2026-12-09
2026-05-15,2026-12-05
2026-05-12,2026-08-16
2026-05-04,2026-08-23
2026-09-01,2026-12-26
2026-09-04,2026-12-13
2026-01-01,2026-08-03
2026-05-21,2026-08-28
2026-01-23,2026-04-13
2026-01-10,2026-12-21
2026-01-15,2026-08-11
2026-09-04,2026-12-18
2026-01-23,2026-12-01
2026-01-03,2026-08-23
2026-09-14,2026-12-15
2026-01-18,2026-08-18
2026-09-26,2026-12-13
2026-05-27,2026-08-27
2026-05-23,2026-12-02
2026-01-03,2026-08-10
2026-05-09,2026-08-14
2026-05-10,2026-08-01
2026-05-28,2026-12-06
2026-09-12,2026-12-07
2026-01-08,2026-12-11
2026-05-16,2026-12-10
2026-09-24,2026-12-08
2026-05-05,2026-08-22
2026-09-04,2026-12-02
2026-05-27,2026-08-08
2026-05-09,2026-08-16
2026-01-09,2026-12-17
2026-01-19,2026-04-16
2026-01-23,2026-08-01
2026-05-09,2026-12-03
2026-01-09,2026-12-17
2026-01-19,2026-12-16
2026-05-14,2026-12-01
2026-09-17,2026-12-11
2026-05-17,2026-08-28
2026-01-09,2026-04-17
2026-01-10,2026-12-10
2026-01-14,2026-08-14
2026-05-10,2026-08-22
2026-05-21,2026-12-27
2026-09-23,2026-12-24
2026-01-16,2026-04-15
2026-05-01,2026-12-24
2026-09-25,2026-12-26
2026-01-07,2026-12-19
2026-01-13,2026-04-13
2026-01-16,2026-08-21
2026-05-25,2026-12-04
2026-05-05,2026-08-23
2026-01-23,2026-12-07
2026-05-18,2026-08-27
2026-05-15,2026-12-26
2026-01-02,2026-12-05
2026-05-07,2026-12-24
2026-01-21,2026-08-10
2026-09-17,2026-12-09
2026-09-04,2026-12-02
2026-05-18,2026-12-06
2026-01-09,2026-04-02
2026-01-14,2026-04-03
2026-01-20,2026-08-24
2026-01-18,2026-08-27
2026-05-05,2026-08-09
2026-09-04,2026-12-03
2026-01-12,2026-04-05
2026-01-03,2026-04-26
2026-05-13,2026-12-24
2026-05-15,2026-12-23
2026-05-22,2026-08-19
2026-09-19,2026-12-14
2026-05-19,2026-12-24
2026-09-15,2026-12-27
2026-05-13,2026-08-19
2026-05-15,2026-08-05
2026-01-16,2026-04-02
2026-05-25,2026-12-18
2026-05-05,2026-08-17
2026-09-21,2026-12-24
2026-09-23,2026-12-15
2026-09-20,2026-12-11
2026-01-15,2026-12-03
2026-01-11,2026-04-05
2026-01-18,2026-08-10
2026-05-10,2026-08-22
2026-09-10,2026-12-10
2026-05-22,2026-12-26
2026-05-20,2026-12-21
2026-05-12,2026-12-10
2026-01-25,2026-12-19
2026-05-05,2026-08-10
2026-01-06,2026-12-17
2026-09-28,2026-12-26
2026-09-16,2026-12-20
2026-05-18,2026-12-13
2026-05-02,2026-12-17
2026-01-06,2026-08-09
2026-05-23,2026-12-21
2026-09-15,2026-12-23
2026-09-17,2026-12-28
2026-01-28,2026-08-01
2026-01-23,2026-08-03
2026-01-01,2026-12-28
2026-09-04,2026-12-06
2026-05-22,2026-08-09
2026-09-15,2026-12-12
2026-09-26,2026-12-02
2026-01-18,2026-08-15
2026-09-04,2026-12-23
2026-09-11,2026-12-14
2026-01-04,2026-08-21
2026-05-23,2026-08-02
2026-09-27,2026-12-24
2026-05-28,2026-12-14
2026-09-15,2026-12-03
2026-05-20,2026-12-05
2026-09-28,2026-12-11
2026-01-04,2026-08-03
2026-05-16,2026-08-15
2026-05-20,2026-12-03
2026-09-04,2026-12-16
2026-09-10,2026-12-12
2026-01-09,2026-12-16
2026-09-08,2026-12-23
2026-01-09,2026-08-09
2026-09-18,2026-12-07
2026-09-24,2026-12-14
2026-01-09,2026-08-27
2026-09-15,2026-12-15
2026-05-03,2026-08-22
2026-09-04,2026-12-19
2026-05-23,2026-08-22
2026-09-11,2026-12-03
2026-01-10,2026-08-27
2026-05-24,2026-12-05
2026-01-13,2026-04-19
2026-09-07,2026-12-03
2026-01-20,2026-04-12
2026-05-15,2026-08-09
2026-01-10,2026-12-08
2026-01-10,2026-04-11
2026-01-26,2026-08-07
2026-05-10,2026-08-07
2026-09-15,2026-12-23
2026-09-20,2026-12-24
2026-09-05,2026-12-19
2026-05-06,2026-12-10
2026-09-23,2026-12-08
2026-01-12,2026-04-22
2026-05-10,2026-08-11
2026-05-28,2026-08-13
2026-05-08,2026-08-21
2026-05-07,2026-08-25
2026-01-13,2026-12-24
2026-01-19,2026-04-18
2026-05-11,2026-08-14
2026-01-06,2026-04-20
2026-05-15,2026-08-14
2026-01-08,2026-04-07
2026-09-21,2026-12-23
2026-09-09,2026-12-12
2026-09-04,2026-12-13
2026-05-21,2026-12-25
2026-01-11,2026-08-18
2026-01-13,2026-08-21
2026-09-04,2026-12-07
2026-09-18,2026-12-23
2026-09-02,2026-12-27
2026-01-23,2026-08-26
2026-01-06,2026-12-16
